{
    "name": "root",
    "gauges": {
        "MummyILAgent.Policy.Entropy.mean": {
            "value": 0.9306480884552002,
            "min": 0.9306480884552002,
            "max": 0.9306480884552002,
            "count": 1
        },
        "MummyILAgent.Policy.Entropy.sum": {
            "value": 56028.73828125,
            "min": 56028.73828125,
            "max": 56028.73828125,
            "count": 1
        },
        "MummyILAgent.Environment.EpisodeLength.mean": {
            "value": 60.78865979381443,
            "min": 60.78865979381443,
            "max": 60.78865979381443,
            "count": 1
        },
        "MummyILAgent.Environment.EpisodeLength.sum": {
            "value": 58965.0,
            "min": 58965.0,
            "max": 58965.0,
            "count": 1
        },
        "MummyILAgent.Step.mean": {
            "value": 59999.0,
            "min": 59999.0,
            "max": 59999.0,
            "count": 1
        },
        "MummyILAgent.Step.sum": {
            "value": 59999.0,
            "min": 59999.0,
            "max": 59999.0,
            "count": 1
        },
        "MummyILAgent.Policy.ExtrinsicValueEstimate.mean": {
            "value": -0.4249824583530426,
            "min": -0.4249824583530426,
            "max": -0.4249824583530426,
            "count": 1
        },
        "MummyILAgent.Policy.ExtrinsicValueEstimate.sum": {
            "value": -667.6474609375,
            "min": -667.6474609375,
            "max": -667.6474609375,
            "count": 1
        },
        "MummyILAgent.Policy.GailValueEstimate.mean": {
            "value": 0.19642077386379242,
            "min": 0.19642077386379242,
            "max": 0.19642077386379242,
            "count": 1
        },
        "MummyILAgent.Policy.GailValueEstimate.sum": {
            "value": 308.5770263671875,
            "min": 308.5770263671875,
            "max": 308.5770263671875,
            "count": 1
        },
        "MummyILAgent.Environment.CumulativeReward.mean": {
            "value": -0.7636597830187721,
            "min": -0.7636597830187721,
            "max": -0.7636597830187721,
            "count": 1
        },
        "MummyILAgent.Environment.CumulativeReward.sum": {
            "value": -740.749989528209,
            "min": -740.749989528209,
            "max": -740.749989528209,
            "count": 1
        },
        "MummyILAgent.Policy.ExtrinsicReward.mean": {
            "value": -0.7636597830187721,
            "min": -0.7636597830187721,
            "max": -0.7636597830187721,
            "count": 1
        },
        "MummyILAgent.Policy.ExtrinsicReward.sum": {
            "value": -740.749989528209,
            "min": -740.749989528209,
            "max": -740.749989528209,
            "count": 1
        },
        "MummyILAgent.Policy.GailReward.mean": {
            "value": 0.3792414205772898,
            "min": 0.3792414205772898,
            "max": 0.3792414205772898,
            "count": 1
        },
        "MummyILAgent.Policy.GailReward.sum": {
            "value": 367.86417795997113,
            "min": 367.86417795997113,
            "max": 367.86417795997113,
            "count": 1
        },
        "MummyILAgent.Losses.PolicyLoss.mean": {
            "value": 0.06758689804519236,
            "min": 0.06758689804519236,
            "max": 0.06758689804519236,
            "count": 1
        },
        "MummyILAgent.Losses.PolicyLoss.sum": {
            "value": 1.892433145265386,
            "min": 1.892433145265386,
            "max": 1.892433145265386,
            "count": 1
        },
        "MummyILAgent.Losses.ValueLoss.mean": {
            "value": 0.026510211216407786,
            "min": 0.026510211216407786,
            "max": 0.026510211216407786,
            "count": 1
        },
        "MummyILAgent.Losses.ValueLoss.sum": {
            "value": 0.742285914059418,
            "min": 0.742285914059418,
            "max": 0.742285914059418,
            "count": 1
        },
        "MummyILAgent.Policy.LearningRate.mean": {
            "value": 0.00026987651004116664,
            "min": 0.00026987651004116664,
            "max": 0.00026987651004116664,
            "count": 1
        },
        "MummyILAgent.Policy.LearningRate.sum": {
            "value": 0.007556542281152666,
            "min": 0.007556542281152666,
            "max": 0.007556542281152666,
            "count": 1
        },
        "MummyILAgent.Policy.Epsilon.mean": {
            "value": 0.18995883333333333,
            "min": 0.18995883333333333,
            "max": 0.18995883333333333,
            "count": 1
        },
        "MummyILAgent.Policy.Epsilon.sum": {
            "value": 5.318847333333333,
            "min": 5.318847333333333,
            "max": 5.318847333333333,
            "count": 1
        },
        "MummyILAgent.Policy.Beta.mean": {
            "value": 0.00899688745,
            "min": 0.00899688745,
            "max": 0.00899688745,
            "count": 1
        },
        "MummyILAgent.Policy.Beta.sum": {
            "value": 0.25191284859999996,
            "min": 0.25191284859999996,
            "max": 0.25191284859999996,
            "count": 1
        },
        "MummyILAgent.Policy.GAILPolicyEstimate.mean": {
            "value": 0.45256081325489844,
            "min": 0.45256081325489844,
            "max": 0.45256081325489844,
            "count": 1
        },
        "MummyILAgent.Policy.GAILPolicyEstimate.sum": {
            "value": 12.671702771137156,
            "min": 12.671702771137156,
            "max": 12.671702771137156,
            "count": 1
        },
        "MummyILAgent.Policy.GAILExpertEstimate.mean": {
            "value": 0.5070101852484402,
            "min": 0.5070101852484402,
            "max": 0.5070101852484402,
            "count": 1
        },
        "MummyILAgent.Policy.GAILExpertEstimate.sum": {
            "value": 14.196285186956327,
            "min": 14.196285186956327,
            "max": 14.196285186956327,
            "count": 1
        },
        "MummyILAgent.Losses.GAILLoss.mean": {
            "value": 1.295331918235336,
            "min": 1.295331918235336,
            "max": 1.295331918235336,
            "count": 1
        },
        "MummyILAgent.Losses.GAILLoss.sum": {
            "value": 36.26929371058941,
            "min": 36.26929371058941,
            "max": 36.26929371058941,
            "count": 1
        },
        "MummyILAgent.Policy.GAILGradMagLoss.mean": {
            "value": 0.4345159768715045,
            "min": 0.4345159768715045,
            "max": 0.4345159768715045,
            "count": 1
        },
        "MummyILAgent.Policy.GAILGradMagLoss.sum": {
            "value": 12.166447352402127,
            "min": 12.166447352402127,
            "max": 12.166447352402127,
            "count": 1
        },
        "MummyILAgent.Losses.PretrainingLoss.mean": {
            "value": 0.4904013057651163,
            "min": 0.4904013057651163,
            "max": 0.4904013057651163,
            "count": 1
        },
        "MummyILAgent.Losses.PretrainingLoss.sum": {
            "value": 13.731236561423257,
            "min": 13.731236561423257,
            "max": 13.731236561423257,
            "count": 1
        },
        "MummyILAgent.IsTraining.mean": {
            "value": 1.0,
            "min": 1.0,
            "max": 1.0,
            "count": 1
        },
        "MummyILAgent.IsTraining.sum": {
            "value": 1.0,
            "min": 1.0,
            "max": 1.0,
            "count": 1
        }
    },
    "metadata": {
        "timer_format_version": "0.1.0",
        "start_time_seconds": "1685073030",
        "python_version": "3.7.2 (tags/v3.7.2:9a3ffc0492, Dec 23 2018, 23:09:28) [MSC v.1916 64 bit (AMD64)]",